[{
    "id": "whoAmI",
    "title": "<h2> Who am I? </h2>",
    "text":  "<h3 class='list'>●Camila Belén Carlocchia <br> ●22 years old <br> ●Argentinian <br> ●Software Engineering student at the Universidad de Buenos Aires <br> ●Fullstack Developer at Arsat",
    "photo": "<img src='./camila.jpg' alt='myself' id='my-photo' align='left'>"
},
{
    "id": "links",
    "title": "<h2>Personal links</h2>",
    "text": "<a class='list' target='_blank' href='https://www.linkedin.com/in/ccarlochia/'><img class='logo' src='https://bio-ingenieria.com/wp-content/uploads/2019/11/linkedin-logo-1.png' id='linkedin-logo' alt='linkedinlogo' align='start'>Linkedin</a> <br> <a target='_blank' class='list' href='https://github.com/ccarlocchia'><img class='logo' src='https://image.flaticon.com/icons/png/512/25/25231.png' alt='githublogo' align='start'>Github</a> "
},
{
    "id": "working",
    "title":"<h2> What I'm currently working on? </h2>",
    "text": "<h3> Migrating a project from python 2 to python 3 <br> and from Bottle to Flask</h3>"
},
{
    "id": "learning",
    "title":"<h2> What I'm currently learning? </h2>",
    "text": "<h3> Flask, and frontend tecnologies <br>like html5, css, javascript & reactjs</h3>"
},
{
    "id": "pronouns",
    "title":"<h2 id='lgbt-title'> LGBTQ+ </h2>",
    "text": "<h3> I'm a cisgender bisexual woman,<br> my pronouns are she/her </h3>"
},
{
    "id": "tecnologies",
    "title":"<h2> What tecnologies I'm comfortable working with </h2>",
    "text": "<h3 class='list' id='tecnologies'> ●Python<br> ●Reactjs <br> ●HTML5, CSS, Javascript  <br> ●C  <br> ●Java  </h3>"
}
]